,resp1,resp2,resp3,resp4,resp5,resp6
1,beach,learn,gloomy,go for a walk,reunion,the various perspectives on the subject matter
2,pool,learn,unpredictable,relax and watch a movie,gathering,the practical applications of the concepts we're learning
3,pool,learn,nice,watch a movie,party,the practical applications of the concepts we're learning
4,beach,learn,nice,relax with a good book,party,the practical applications of the concepts we've learned
5,beach,learn,unpredictable,watch a movie,party,the practical applications of the concepts we're learning
6,beach,learn,unpredictable,watch a movie,party,the practical applications of the concepts we are learning
7,beach,learn,unpredictable,relax with a good book,party,the practical applications of the concepts we've learned
8,lake,learn,beautiful,relax with a good book,party,the practical applications of the concepts we're learning
9,beach,study,nice,go for a walk,party,the practical applications of the concepts we’re learning
10,beach,learn,unpredictable,relax and watch her favorite tv show,party,the impact of technology on education
11,beach,learn,unpredictable,relax with a good book,reunion,the various perspectives on the topic we're studying
12,beach,learn,nice,relax with a good book,party,the practical applications of the concepts being taught
13,beach,learn,mild,watch a movie,party,the practical applications of the concepts we're learning
14,beach,learn,unpredictable,go for a walk,reunion,the practical applications of the concepts we're learning
15,beach,study,nice,relax with a good book,party,the practical applications of the concepts we're learning
16,lake,learn,nice,relax and read a book,party,the practical applications of the concepts we're learning
17,beach,learn,wonderful,relax and watch a movie,party,the practical applications of the concepts we're learning
18,beach,learn,beautiful,relax,party,the practical applications of the concepts we're learning
19,beach,learn,unpredictable,go for a walk,party,the practical applications of the concepts we're learning
20,beach,learn,nice,relax with a good book,party,the practical applications of the concepts we are learning
21,beach,learn,sunny,relax with a good book,party,the practical applications of the concepts we're learning
22,beach,learn,unpredictable,go for a walk,reunion,the practical applications of the concepts we're learning
23,pool,learn,beautiful,go for a walk,party,the practical applications of the concepts we're learning
24,beach,learn,gorgeous,take a walk,gathering,the practical applications of the concepts we've learned
25,beach,learn,nice,relax with a good book,reunion,the practical applications of the concepts we are learning
26,beach,learn,beautiful,relax with a good book,gathering,the practical applications of the concepts we're learning
27,beach,learn,nice,relax and watch a movie,party,the practical applications of the concepts i've learned
28,beach,learn,pleasant,relax with a good book,gathering,the practical applications of the concepts we are learning
29,beach,learn,beautiful,relax and watch her favorite movie,party,the various perspectives on the subject matter
30,pool,learn,nice,relax and watch her favorite tv show,party,the practical applications of the concepts we’re learning
31,pool,learn,nice,relax and watch her favorite movie,reunion,the practical applications of the concepts we're learning
32,pool,learn,beautiful,relax and watch her favorite movie,reunion,the practical applications of the concepts we're learning
33,pool,learn,unpredictable,relax and watch her favorite tv show,gathering,the practical applications of the concepts we're learning
34,beach,learn,beautiful,relax and watch a movie,reunion,the practical applications of the concepts we're learning
35,beach,learn,beautiful,watch a movie,reunion,the practical applications of the concepts i’m learning
36,beach,learn,unpredictable,watch a movie,reunion,the practical applications of the concepts we're learning
37,lake,learn,unpredictable,go for a walk,party,the practical applications of the concepts we're learning
38,beach,learn,gorgeous,relax with a good book,party,the practical applications of the concepts we're learning
39,beach,learn,unpredictable,relax and watch her favorite movie,reunion,the practical applications of the concepts we are learning
40,beach,learn,gorgeous,relax,party,the practical applications of the concepts we've learned
41,beach,learn,beautiful,relax and watch a movie,party,the practical applications of the concepts we've been learning
42,beach,learn,wonderful,relax and watch a movie,party,the different applications of the concepts we're learning
43,beach,learn,nice,relax and watch a movie,party,the practical applications of what i'm learning
44,beach,learn,unpredictable,relax and watch a movie,reunion,the practical applications of the concepts we've learned
45,beach,learn,unpredictable,relax with a good book,celebration,the practical applications of the concepts we're learning
46,beach,study,nice,relax with a good book,party,the various perspectives on the subject matter
47,beach,learn,unseasonably warm,relax and watch a movie,reunion,the practical applications of the concepts
48,lake,study,beautiful,watch a movie,gathering,the practical applications of the concepts we are learning
49,beach,learn,unpredictable,relax with a book,reunion,the practical applications of the concepts we're learning
50,beach,learn,unpredictable,relax and watch a movie,party,the practical applications of the concepts we're learning
51,beach,learn,beautiful,relax,party,the practical applications of the concepts we've learned
52,beach,learn,beautiful,relax,party,the different perspectives on the subject matter
53,beach,study,beautiful,go for a walk,party,the practical applications of the concepts we're learning
54,pool,learn,unpredictable,relax and read a book,party,the different perspectives on the subject matter
55,beach,study,unpredictable,relax and watch her favorite movie,reunion,the practical applications of the concepts we are learning
56,pool,learn,unpredictable,relax,reunion,the practical applications of the concepts we're learning
57,pool,learn,beautiful,relax with a good book,reunion,the practical applications of the concepts we've learned
58,beach,learn,pleasant,go for a walk,party,the practical applications of the concepts we're learning
59,pool,study,nice,relax with a good book,party,the practical applications of the concepts we're learning
60,beach,learn,nice,relax,party,the practical applications of the concepts we are learning
61,pool,learn,unpredictable,relax and watch a movie,reunion,the practical applications of the concepts we're learning
62,beach,learn,wonderful,watch a movie,party,the practical applications of the concepts we're learning
63,beach,study,beautiful,watch a movie,party,the practical applications of the concepts we're learning
64,beach,learn,mild,relax with a good book,party,the practical applications of the theories we've discussed
65,beach,learn,gorgeous,relax and watch a movie,reunion,the different ways to apply what i've learned in real-life situations
66,beach,learn,sunny,relax with a good book,reunion,the applications of the concepts we've learned
67,beach,learn,wonderful,go for a walk,reunion,the practical applications of the concepts we've learned
68,beach,learn,nice,rewards herself with a movie,party,the practical applications of the concepts we're learning
69,lake,learn,sunny,watch a movie,party,the practical applications of the concepts being taught
70,beach,learn,mild,watch a movie,reunion,the practical applications of the concepts we've learned
71,pool,learn,beautiful,watch a movie,party,the practical applications of the concepts we've learned
72,beach,learn,unpredictable,relax,gathering,the practical applications of the concepts we're learning
73,beach,learn,beautiful,relax and watch her favorite movie,reunion,the practical applications of the theories we are studying
74,beach,learn,unpredictable,read a book,party,the implications of artificial intelligence in everyday life
75,beach,learn,unpredictable,relax for a while,party,the practical applications of the concepts we're learning
76,beach,study,gloomy,go for a walk,party,future career opportunities
77,beach,learn,unpredictable,relax and watch a movie,party,the practical applications of the theories we're studying
78,pool,learn,beautiful,relax with a book,party,the practical applications of the concepts we're learning
79,beach,learn,nice,go for a walk,reunion,the practical applications of the concepts we're learning
80,pool,learn,unpredictable,relax,party,different perspectives on the subject matter
81,beach,learn,beautiful,watch a movie,party,the practical applications of the concepts we're learning
82,beach,learn,beautiful,go for a walk,party,the real-world applications of the concepts we're learning
83,beach,learn,unpredictable,watch a movie,party,the practical applications of the concepts we're learning
84,beach,learn,unseasonably warm,go for a walk,gathering,the practical applications of the concepts we’re learning
85,beach,learn,perfect,go for a walk,party,the practical applications of the concepts we're learning
86,beach,learn,gorgeous,relax with a good book,gathering,the applicability of the concepts in real-world scenarios
87,beach,learn,sunny,relax,party,the practical applications of the concepts we've learned
88,beach,learn,unpredictable,take a walk,reunion,the practical applications of what i've learned
89,beach,learn,unpredictable,watch a movie,reunion,the practical applications of the concepts we're learning
90,beach,learn,beautiful,relax with a good book,reunion,the practical applications of the concepts we've discussed
91,beach,learn,beautiful,watch a movie,reunion,different approaches to learning
92,pool,learn,beautiful,relax with a good book,party,the practical applications of the concepts we're learning
93,pool,learn,beautiful,go for a walk,reunion,the practical applications of the concepts we've learned
94,beach,learn,mild,watch a movie,reunion,the practical applications of the concepts we're learning
95,lake,learn,nice,relax and watch her favorite show,party,the practical applications of the concepts we're learning
96,pool,learn,beautiful,relax,gathering,the practical applications of the concepts we're learning
97,pool,learn,beautiful,relax and watch a movie,reunion,the real-world applications of the concepts we're learning
98,beach,learn,unpredictable,go for a walk,reunion,the practical applications of the concepts we're learning
99,beach,learn,unpredictable,relax with a good book,party,the practical applications of the concepts we are learning
100,beach,learn,beautiful,relax and watch a movie,reunion,the practical applications of the concepts we're learning
101,beach,learn,beautiful,watch a movie,party,the practical applications of the concepts we are learning
102,pool,learn,mild,relax with a good book,reunion,the different perspectives on the subject matter
103,beach,learn,beautiful,relax and watch her favorite tv show,party,the practical applications of the concepts we've learned
104,beach,learn,sunny,watch a movie,reunion,the practical applications of the concepts we're learning
105,beach,learn,nice,relax with a good book,party,the practical applications of the concepts we're learning
106,beach,learn,beautiful,relax and watch a movie,reunion,the practical applications of the concepts we are learning
107,beach,learn,unseasonably warm,watch a movie,party,the practical applications of the concepts we're learning
108,beach,study,unpredictable,relax and watch her favorite tv show,party,the practical applications of the theories we've learned
109,pool,learn,beautiful,relax,party,the practical applications of the concepts we've learned
110,beach,study,mild,relax,gathering,different perspectives on the subject matter
111,beach,learn,unpredictable,relax with a book,reunion,the practical applications of the concepts we're learning
112,pool,learn,unpredictable,watch a movie,reunion,the practical applications of the concepts we've learned
113,beach,learn,pleasant,go for a walk,gathering,the practical applications of the concepts we're learning
114,beach,learn,beautiful,take a walk,party,the practical applications of the concepts we are learning
115,beach,learn,unusual,relax with a good book,party,the practical applications of the concepts we are learning
116,beach,study,beautiful,go for a walk,reunion,the practical applications of the concepts we're learning
117,beach,learn,pleasant,relax with a good book,party,the practical applications of the concepts we are learning
118,beach,learn,nice,watch a movie,party,the practical applications of the concepts we're learning
119,beach,learn,mild,go for a walk,holiday,the practical applications of the concepts we're learning
120,beach,learn,beautiful,watch a movie,gathering,the practical applications of the concepts we're learning
121,pool,learn,unpredictable,watch a movie,reunion,the different ways to approach learning
122,pool,learn,nice,relax with a good book,gathering,the practical applications of the concepts we are learning
123,pool,learn,unseasonable,relax with a good book,party,the practical applications of the concepts we've learned
124,beach,learn,mild,relax with a book,reunion,the practical applications of the theories we've discussed
125,pool,learn,nice,go for a walk,reunion,the practical applications of the concepts we've learned
126,lake,learn,beautiful,relax and watch a movie,party,the real-world applications of the concepts we're studying
127,beach,learn,unpredictable,relax and watch her favorite movie,party,the practical applications of the concepts we're learning
128,beach,learn,beautiful,relax with a good book,party,the different perspectives on the subject matter
129,pool,learn,sunny,relax and watch her favorite tv show,reunion,the practical applications of the concepts we are learning
130,beach,learn,unpredictable,relax and watch a movie,gathering,the practical applications of the concepts we're learning
131,beach,learn,beautiful,relax with a book,reunion,the practical applications of the theories we've discussed
132,beach,learn,unpredictable,relax,reunion,the practical applications of the concepts we're learning
133,beach,learn,unpredictable,relax and watch a movie,party,the real-world applications of the concepts we're learning
134,pool,learn,beautiful,relax,celebration,the practical applications of the concepts we're learning
135,pool,learn,unpredictable,relax and watch a movie,reunion,the practical applications of the concepts we’re studying
136,pool,learn,unpredictable,watch a movie,gathering,the practical applications of the concepts we're learning
137,pool,learn,beautiful,watch a movie,gathering,the practical applications of the concepts we are learning
138,pool,learn,unseasonable,relax with a good book,party,the practical applications of the concepts we've learned
139,beach,study,beautiful,relax,party,the practical applications of the concepts we are learning
140,beach,study,gorgeous,relax with a good book,party,what additional topics we will explore
141,pool,study,beautiful,take a walk,reunion,the practical applications of the concepts we're learning
142,lake,learn,nice,relax and watch her favorite movie,party,the practical applications of the concepts we're learning
143,beach,learn,unpredictable,watch a movie,party,the practical applications of the concepts we are learning
144,beach,learn,unpredictable,relax and watch a movie,gathering,the practical applications of the theories we've discussed
145,beach,learn,unpredictable,relax with a good book,reunion,the practical applications of the concepts we're learning
146,beach,learn,nice,relax with a good book,reunion,the practical applications of the concepts we're learning
147,beach,learn,remarkable,relax with a good book,party,the practical applications of the concepts we're learning
148,beach,learn,unpredictable,relax and watch a movie,party,the practical applications of the concepts we're learning
149,beach,learn,nice,relax,reunion,the practical applications of the concepts we've learned
150,lake,learn,unpredictable,relax and watch her favorite movie,gathering,the practical applications of the concepts we're learning
151,lake,learn,beautiful,reward herself with a movie,gathering,the practical applications of the concepts we're learning
152,beach,learn,beautiful,go for a walk,party,the practical applications of the concepts we're learning
153,pool,learn,unseasonably warm,relax and watch a movie,party,the practical applications of the concepts we've learned
154,beach,study,unpredictable,relax and watch her favorite movie,party,the practical applications of the concepts we're learning
155,beach,learn,unpredictable,go for a walk,party,the practical applications of the concepts we're learning
156,pool,learn,unpredictable,relax with a good book,gathering,the practical applications of the concepts we've learned
157,beach,study,unpredictable,go for a walk,party,the practical applications of the concepts being taught
158,beach,learn,beautiful,watch a movie,reunion,the practical applications of the concepts we've learned
159,beach,learn,beautiful,watch a movie,party,the practical applications of the concepts we've learned
160,beach,learn,unseasonably warm,relax with a good book,party,the relevance of practical applications in theory
161,pool,study,unpredictable,go for a walk,gathering,the practical applications of the concepts we're learning
162,pool,learn,beautiful,relax and watch a movie,party,the practical applications of the concepts we're learning
163,pool,study,beautiful,relax and watch her favorite movie,party,the practical applications of what i’m learning
164,beach,learn,beautiful,relax and watch a movie,reunion,the practical applications of the concepts we're learning
165,beach,learn,gloomy,relax with a good book,reunion,the practical applications of what i'm learning
166,beach,learn,unpredictable,watch a movie,reunion,my future career options
167,beach,learn,nice,go for a walk,party,the practical applications of the concepts we're learning
168,beach,learn,nice,relax and watch her favorite movie,reunion,the practical applications of the concepts we're learning
169,beach,learn,beautiful,relax with a good book,reunion,the practical applications of the concepts we're learning
170,lake,learn,unpredictable,watch a movie,reunion,the practical applications of the concepts we're learning
171,beach,learn new things,unpredictable,watch a movie,party,the practical applications of the theories we've studied
172,beach,learn,wonderful,take a walk,party,the practical applications of the concepts we're learning
173,beach,learn,beautiful,relax and watch a movie,gathering,the practical applications of the concepts we're learning
174,beach,learn,nice,relax with a good book,gathering,the practical applications of the concepts we've learned
175,pool,learn,beautiful,watch a movie,party,the practical applications of the concepts we're learning
176,pool,learn,gorgeous,relax and watch a movie,reunion,the practical applications of the concepts we're learning
177,beach,study,nice,relax with a good book,reunion,the practical applications of the theories we've learned
178,beach,learn,unpredictable,relax and watch a movie,party,the practical applications of the concepts we're learning
179,lake,learn,beautiful,relax with a good book,reunion,the practical applications of what i'm learning
180,beach,learn,miserable,relax and watch a movie,party,the practical applications of the concepts we’re learning
181,beach,learn,nice,take a walk,party,the practical applications of the concepts we're learning
182,beach,learn,nice,relax with a book,reunion,the practical applications of the concepts we've learned
183,beach,study,nice,relax and watch a movie,party,the practical applications of the concepts we're learning
184,beach,learn,mild,relax,reunion,the practical applications of the concepts we're learning
185,beach,learn,beautiful,go for a walk,reunion,the practical applications of the concepts we're learning
186,pool,learn,nice,relax with a book,reunion,the practical applications of the concepts we're learning
187,beach,learn,gorgeous,relax with a good book,reunion,the practical applications of the concepts we've learned
188,pool,learn,unpredictable,relax,gathering,the practical applications of the concepts we're learning
189,river,learn,unpredictable,relax and watch a movie,reunion,the practical applications of the concepts we're learning
190,lake,study,nice,relax with a good book,reunion,the potential of applying these concepts in real-world situations
191,beach,learn,unpredictable,relax with a good book,party,the practical applications of the concepts we're learning
192,lake,learn,beautiful,relax with a good book,reunion,the real-world applications of the concepts we're learning
193,beach,learn,beautiful,relax and watch a movie,party,the practical applications of the concepts i'm learning
194,beach,learn,beautiful,relax and watch her favorite movie,reunion,the practical applications of the concepts we are learning
195,beach,learn,unpredictable,go for a walk,party,the applications of the concepts we're learning
196,beach,learn,pleasant,relax and read a book,party,the real-world applications of the concepts we've learned
197,beach,learn,miserable,relax with a book,party,the practical applications of the concepts we are learning
198,beach,learn,pleasant,relax,party,the practical applications of the concepts we're learning
199,beach,learn,unpredictable,watch a movie,party,the practical applications of the concepts we're learning
200,pool,learn,unseasonably warm,relax with a book,gathering,the practical applications of the concepts we're learning
1,beach,learn,unpredictable,go for a walk,reunion,the practical applications of the concepts we're learning
2,pool,learn,unpredictable,relax and watch her favorite movie,reunion,the practical applications of the concepts we're learning
3,beach,learn,beautiful,relax and watch a movie,reunion,the practical applications of the concepts we've learned
4,pool,learn,gorgeous,watch a movie,reunion,the practical applications of the concepts we're learning
5,beach,learn,gorgeous,relax with a good book,reunion,the practical applications of the concepts we're learning
6,pool,learn,unpredictable,watch a movie,party,the practical applications of the concepts we've learned
7,beach,learn,beautiful,go for a walk,reunion,my own understanding of the subject matter
8,beach,learn,bizarre,watch a movie,party,the applications of the concepts we've learned
9,beach,learn,nice,go for a walk,reunion,the practical applications of the concepts we've learned
10,beach,learn,unpredictable,relax and watch a movie,party,the practical applications of the concepts we're learning
11,beach,study,nice,relax,party,the practical applications of the concepts we're learning
12,beach,learn,unpredictable,relax and watch a movie,gathering,the practical applications of the concepts we're learning
13,beach,learn,beautiful,relax and watch a movie,reunion,the practical applications of the concepts we're learning
14,beach,learn,beautiful,go for a walk,party,the practical applications of the concepts we're learning
15,pool,learn,mild,relax with a good book,party,the different perspectives on learning styles
16,beach,study,unpredictable,relax and watch her favorite tv show,party,the application of theoretical concepts in real-world scenarios
17,lake,learn,unpredictable,relax and watch a movie,party,the practical applications of the concepts we've learned
18,pool,learn,beautiful,take a walk,party,the practical applications of the concepts we're learning
19,pool,learn,unpredictable,go for a walk,reunion,the practical applications of the concepts we're learning
20,beach,learn,mild,go for a walk,party,the practical applications of the concepts we're learning
21,beach,learn,beautiful,relax and watch a movie,party,the practical applications of the concepts we've learned
22,beach,learn,unpredictable,relax and watch her favorite show,party,the application of theoretical concepts in real-world scenarios
23,beach,learn,beautiful,watch a movie,party,the practical applications of the concepts we've learned
24,pool,learn,mild,watch a movie,party,the different perspectives on the topic
25,beach,learn,nice,watch a movie,gathering,the different approaches to learning and how they can impact my understanding
26,beach,learn,nice,go for a walk,party,the practical applications of the concepts we're learning
27,pool,learn,unpredictable,relax with a good book,gathering,the different perspectives on the topic we are studying
28,pool,learn,unseasonably warm,relax and watch her favorite movie,gathering,the practical applications of the concepts we've learned
29,beach,learn,wonderful,relax with a good book,party,the practical applications of the concepts we are learning
30,beach,learn,unseasonably warm,relax and watch a movie,party,the practical applications of the concepts we're learning
31,beach,learn,mild,go for a walk,party,the practical applications of the theories we've discussed
32,pool,learn,lovely,watch a movie,gathering,the practical applications of the concepts we're learning
33,beach,learn,nice,take a walk,party,the practical applications of the concepts we've learned
34,beach,learn,beautiful,take a walk,vacation,the practical applications of the concepts we're learning
35,pool,learn,beautiful,take a walk,party,the real-world applications of the concepts we're learning
36,beach,learn,unpredictable,relax and watch a movie,reunion,the practical applications of the concepts being taught
37,beach,learn,wonderful,relax and watch her favorite movie,gathering,the real-world applications of the concepts we're learning
38,beach,learn,unpredictable,relax with a good book,celebration,the applications of the concepts we've learned
39,beach,learn,beautiful,relax and watch her favorite movie,birthday party,the different perspectives on the subject matter
40,pool,learn,nice,go for a walk,celebration,the practical applications of the concepts we're learning
41,beach,learn,beautiful,relax with a good book,gathering,the practical applications of the concepts
42,beach,learn,beautiful,go for a walk,holiday,the practical applications of the concepts we're learning
43,pool,learn,gorgeous,watch a movie,party,certain concepts in depth
44,lake,learn,nice,go for a walk,party,the practical applications of the concepts taught
45,beach,learn,nice,relax and watch a movie,gathering,the different perspectives on the subject matter
46,beach,learn,nice,relax for a while,party,the practical applications of the concepts we've learned
47,beach,study,nice,watch a movie,party,the practical applications of the concepts we're learning
48,pool,learn,unpredictable,relax and watch a movie,party,the practical applications of the concepts we've learned
49,beach,learn,nice,relax and watch a movie,gathering,the practical applications of the concepts we're learning
50,beach,learn,unpredictable,relax,gathering,the practical applications of the concepts we're learning
51,beach,learn,nice,relax and watch her favorite movie,reunion,the practical applications of the concepts we're learning
52,beach,study,unpredictable,relax and watch a movie,gathering,the practical applications of the concepts we're learning
53,pool,learn,unpredictable,relax,reunion,the practical applications of the concepts
54,pool,learn,beautiful,relax with a book,gathering,the practical applications of the concepts we've learned
55,beach,learn,beautiful,take a walk,gathering,the practical applications of the concepts we are learning
56,beach,learn,unpredictable,go for a walk,party,the practical applications of the concepts we're learning
57,beach,learn,beautiful,read a book,reunion,the real-world applications of the concepts we are learning
58,lake,learn,glorious,watch a movie,vacation,the practical applications of the concepts we're learning
59,pool,learn,pleasant,relax,reunion,the practical applications of the concepts we're learning
60,beach,learn,gorgeous,watch a movie,get-together,the practical applications of the concepts we're learning
61,beach,learn,unpredictable,go for a walk,gathering,the practical applications of the concepts we've covered
62,pool,learn,beautiful,relax with a good book,party,the real-world applications of the concepts we're learning
63,beach,learn,nice,relax with a movie,party,the practical applications of the concepts we're learning
64,beach,study,nice,relax and watch a movie,party,the real-world applications of the concepts we're learning
65,pool,learn,gorgeous,watch a movie,party,the practical applications of the concepts we've learned
66,pool,learn,beautiful,relax with a good book,event,the practical applications of the concepts we're learning
67,lake,learn,nice,take a walk,party,the practical applications of the concepts we've learned
68,lake,learn,beautiful,relax and watch a movie,party,the practical applications of the concepts we are learning
69,beach,learn,nice,relax and watch her favorite movie,gathering,the practical applications of the concepts we’ve learned
70,beach,learn,beautiful,go for a walk,party,the practical applications of the concepts we're learning
71,pool,study,nice,take a walk,party,the practical applications of the concepts we're learning
72,lake,learn,beautiful,relax and watch her favorite movie,party,the applicability of the concepts in real-life situations
73,beach,learn,unpredictable,relax with a book,party,the practical applications of the concepts we're learning
74,beach,learn,beautiful,relax,party,the practical applications of the concepts we're learning
75,beach,study,unpredictable,watch a movie,party,the practical applications of the concepts we're learning
76,beach,learn,unpredictable,watch a movie,gathering,the practical applications of the concepts we've learned
77,pool,learn,beautiful,go for a walk,party,my future career opportunities
78,beach,learn,strange,relax with a good book,reunion,the practical applications of the concepts we've learned
79,beach,learn,unpredictable,relax and watch a movie,celebration,the practical applications of the concepts we've learned
80,beach,learn,beautiful,relax and watch her favorite show,party,the practical applications of the concepts we are learning
81,beach,learn,nice,relax with a book,gathering,the practical applications of the concepts we're learning
82,lake,learn,beautiful,relax and watch a movie,party,the practical applications of the concepts we're learning
83,pool,learn,pleasant,relax and watch her favorite show,gathering,the practical applications of the concepts we've learned
84,beach,learn,mild,relax and read a book,party,the practical applications of the theories we've learned
85,pool,learn,unpredictable,go for a walk,gathering,the practical applications of the concepts we're learning
86,beach,learn,beautiful,relax and watch her favorite movie,gathering,the practical applications of the concepts we are learning
87,beach,learn,pleasant,relax and watch a movie,reunion,the practical applications of the concepts we've learned
88,pool,learn,beautiful,take a walk,reunion,the deeper implications of the topics we've covered
89,pool,learn,wonderful,relax with a good book,party,the different perspectives on the subject matter
90,beach,learn,beautiful,watch a movie,celebration,the practical applications of the concepts we're learning
91,beach,learn,nice,relax,party,the practical applications of the concepts we're learning
92,beach,learn,beautiful,relax with a good book,reunion,the practical applications of the concepts we're learning
93,beach,learn,unpredictable,relax and watch a movie,party,the practical applications of the concepts we’re learning
94,pool,study,beautiful,go for a walk,party,the practical applications of the concepts we're learning
95,beach,learn,unpredictable,watch a movie,party,the practical applications of the concepts we're learning
96,beach,learn,unpredictable,go for a walk,party,the practical applications of the concepts we are learning
97,beach,learn,mild,watch a movie,party,the application of concepts in real-world scenarios
98,beach,learn,unpredictable,relax with a book,reunion,the practical applications of the concepts we are learning
99,beach,learn,unpredictable,relax,party,the practical applications of the concepts being taught
100,beach,learn,unusual,watch a movie,reunion,the practical applications of the concepts being taught
101,beach,learn,mild,take a walk,party,the practical applications of the concepts we've learned
102,beach,learn,beautiful,go for a walk,gathering,the practical applications of the concepts we're learning
103,beach,learn,unpredictable,relax with a book,reunion,the practical applications of the concepts we're learning
104,pool,study,beautiful,go for a walk,reunion,the practical applications of the concepts we're learning
105,beach,learn,beautiful,relax and watch a movie,party,the practical applications of the concepts we've covered
106,beach,learn,gorgeous,watch a movie,gathering,the practical applications of the concepts being taught
107,beach,learn,beautiful,take a walk,party,the practical applications of the concepts we've learned
108,pool,learn,beautiful,relax with a book,party,the practical applications of the concepts we've learned
109,pool,learn,unpredictable,relax and watch a movie,party,the practical applications of the theories we've learned
110,beach,learn,unpredictable,watch a movie,gathering,the practical applications of the concepts we're learning
111,beach,study,beautiful,relax with a book,party,the different perspectives on the subject matter
112,pool,learn,unpredictable,relax and watch her favorite movie,gathering,the various perspectives on the subject matter
113,beach,study,beautiful,relax and watch a movie,reunion,the practical applications of the concepts we're learning
114,lake,study,beautiful,go for a walk,party,the practical applications of the concepts we're learning
115,beach,learn,beautiful,relax and watch her favorite movie,reunion,my future career prospects
116,beach,learn,nice,go for a walk,party,the practical applications of the concepts we've learned
117,beach,learn,unpredictable,relax with a good book,party,the practical applications of the concepts i've learned
118,beach,learn,unpredictable,go for a walk,gathering,the practical applications of the concepts we're learning
119,beach,learn,unpredictable,relax,party,the practical applications of the concepts we're learning
120,pool,learn,unpredictable,go for a walk,gathering,the practical applications of the concepts we're learning
121,beach,study,nice,relax with a good book,reunion,the practical applications of the concepts we're learning
122,pool,study,gorgeous,relax with a good book,reunion,the practical applications of the concepts we're learning
123,beach,study,unpredictable,relax and watch her favorite show,party,the implications of artificial intelligence in everyday life
124,pool,learn,beautiful,watch a movie,party,the practical applications of the concepts we've learned
125,beach,learn,pleasant,relax with a cup of tea,party,the practical application of the concepts we’re learning
126,beach,learn,unpredictable,relax,party,the practical applications of the concepts we are learning
127,beach,learn,nice,relax with a good book,party,the practical applications of the concepts we've learned
128,beach,learn,sunny,relax and watch a movie,party,the practical applications of the concepts we're learning
129,beach,study,nice,relax with a good book,party,the practical applications of the concepts we've learned
130,beach,study,nice,go for a walk,party,the practical applications of the concepts we are learning
131,beach,learn,sunny,relax and watch her favorite movie,reunion,the practical applications of the concepts we've learned
132,pool,learn,beautiful,relax with a good book,reunion,the practical applications of the theories we're studying
133,beach,learn,nice,relax with a good book,gathering,the practical applications of the theories we've learned
134,beach,learn,gorgeous,relax and watch a movie,party,different perspectives on the subject matter
135,beach,learn,beautiful,watch a movie,gathering,the practical applications of the concepts we've learned
136,beach,learn,nice,relax with a good book,gathering,the connections between theory and practice
137,beach,learn,unpredictable,go for a walk,party,the practical applications of the concepts we're learning
138,beach,learn,perfect,go for a walk,reunion,the practical applications of the theories we've discussed
139,lake,learn,unpredictable,relax with a good book,party,the practical applications of the concepts we're learning
140,beach,learn,gorgeous,go for a walk,party,the practical applications of the theories we are studying
141,beach,study,unpredictable,relax and watch her favorite movie,get-together,different perspectives on the subject matter
142,beach,learn,unpredictable,relax and watch a movie,party,the practical applications of the concepts we are learning
143,pool,study,nice,watch a movie,holiday,the practical applications of the concepts we've learned
144,beach,learn,perfect,relax and watch a movie,party,the practical applications of the concepts we're learning
145,beach,learn,unpredictable,relax,gathering,the practical applications of the concepts we're learning
146,beach,learn,nice,watch a movie,gathering,the practical applications of the concepts we're learning
147,pool,learn,unpredictable,go for a walk,reunion,the practical applications of the concepts we're learning
148,pool,learn,beautiful,relax with a good book,party,the practical applications of the concepts we're learning
149,lake,learn,nice,go for a walk,party,the practical applications of the concepts we're learning
150,beach,study,nice,relax,party,the practical applications of the concepts we're learning
151,pool,study,mild,go for a walk,gathering,the practical applications of the concepts we've learned
152,beach,learn,mild,relax with a good book,party,the practical applications of the concepts we're learning
153,pool,study,sunny,relax with a good book,party,the practical applications of the concepts we're learning
154,beach,learn,nice,relax and watch a movie,reunion,the practical applications of the concepts we're learning
155,beach,learn,beautiful,go for a walk,party,the practical applications of the concepts we're learning
156,beach,learn,unpredictable,go for a walk,reunion,the practical applications of the concepts we are learning
157,beach,learn,beautiful,watch a movie,celebration,the applications of the concepts we're learning
158,beach,learn,unpredictable,go for a walk,party,the practical applications of the concepts we're learning
159,beach,learn,unpredictable,relax and watch a movie,party,the practical applications of the concepts we're learning
160,beach,learn,beautiful,relax,party,the practical applications of the concepts we are learning
161,beach,learn,unpredictable,relax with a good book,reunion,the practical applications of the concepts we're learning
162,beach,learn,beautiful,relax and read a book,party,the practical applications of the concepts we're learning
163,beach,learn,beautiful,relax with a good book,gathering,the practical applications of the concepts we're learning
164,beach,study,unpredictable,go for a walk,party,the practical applications of the concepts we're learning
165,beach,learn,nice,watch a movie,party,the applications of the concepts we've learned
166,beach,learn,beautiful,relax with a book,gathering,the practical applications of the concepts we're learning
167,pool,learn,gorgeous,relax,celebration,the impact of technology on education
168,beach,learn,nice,go for a walk,reunion,the practical applications of the concepts we're learning
169,beach,learn,beautiful,relax and watch her favorite movie,party,the practical applications of the concepts we're learning
170,beach,learn,pleasant,watch a movie,gathering,the practical applications of the concepts we've learned
171,beach,learn,mild,relax and watch a movie,gathering,the different perspectives on the subject matter
172,beach,learn,unpredictable,relax with a good book,party,the practical applications of the concepts being taught
173,beach,learn,beautiful,relax and watch her favorite movie,party,the real-world applications of the topics we've covered
174,lake,learn,unpredictable,relax and watch a movie,party,the practical applications of the concepts we're learning
175,pool,study,unpredictable,relax and watch a movie,party,the practical applications of the concepts we are learning
176,beach,learn,unpredictable,relax and watch a movie,party,the practical applications of the concepts we're learning
177,beach,learn,unpredictable,go for a walk,celebration,the different perspectives on the subject matter
178,beach,learn,mild,go for a walk,gathering,the practical applications of the concepts we've been studying
179,beach,learn,nice,relax and watch a movie,party,the practical applications of the concepts we've learned
180,beach,learn,nice,relax and watch a movie,party,the practical applications of the concepts discussed
181,beach,learn,beautiful,relax with a good book,reunion,the practical applications of the concepts we're learning
182,beach,learn,nice,relax and watch her favorite movie,party,the practical applications of the concepts we're learning
183,pool,study,beautiful,relax,party,the practical applications of the concepts we are learning
184,pool,learn,gorgeous,relax,gathering,the practical applications of the concepts we are learning
185,beach,learn,unpredictable,relax,party,the practical applications of the concepts we've discussed
186,lake,learn,unpredictable,relax and watch her favorite tv show,party,the real-world applications of the concepts we are learning
187,pool,learn,pleasant,relax,party,the practical applications of the theories we've discussed
188,lake,learn,beautiful,go for a walk,party,the practical applications of what i've learned
189,beach,learn,pleasant,go for a walk,party,various perspectives on the topic
190,beach,learn,perfect,go for a walk,party,the practical applications of the concepts we are learning
191,pool,learn,nice,watch a movie,reunion,the practical applications of the concepts we're learning
192,lake,learn,gorgeous,relax with a good book,party,the applications of the concepts we're learning
193,beach,learn,gorgeous,relax and read a book,reunion,the potential applications of the concepts we're learning
194,pool,learn,unpredictable,take a walk,party,the practical applications of the concepts we've covered
195,lake,learn,gorgeous,relax,party,the practical applications of the concepts we're learning
196,beach,learn,dreary,relax with a book,party,different teaching methods and their effectiveness in engaging students
197,beach,learn,beautiful,watch a movie,party,the practical applications of the concepts we're learning
198,beach,learn,unpredictable,go for a walk,party,my future career options
199,beach,learn,unpredictable,relax with a book,gathering,the practical applications of the concepts we're learning
200,lake,learn,pleasant,relax and watch a movie,reunion,the practical applications of the concepts we're studying